username,email,password,userType
Zara,Zara@petwatch.local,DQ]<2X]}0Myfz.,User
user002,user002@petwatch.local,@{*r1&A)1G6;ZO,User
user003,user003@petwatch.local,IYl8@(lHyv{im8,User
user004,user004@petwatch.local,#t.XFwV(&W^a6e,User
user005,user005@petwatch.local,#D9i+e|t?]C>@J,User
user006,user006@petwatch.local,^^rGJh60Rb(Rp!,User
user007,user007@petwatch.local,JanrA2IuzW$G0:,User
user008,user008@petwatch.local,qy5:{R3+Ouq$@U,User
user009,user009@petwatch.local,LCS^e6dn2^MyMQ,User
user010,user010@petwatch.local,"s<p*(b,Dt>650E",User
user011,user011@petwatch.local,15pd)1d+[hr@YV,User
user012,user012@petwatch.local,Q?$2kvu066:@!U,User
user013,user013@petwatch.local,.M_28XzHDKyv5),User
user014,user014@petwatch.local,1y.#(n@h*rD-Oz,User
user015,user015@petwatch.local,=A7ixl:PK^opS0,User
user016,user016@petwatch.local,"]i6+,UoaUO-cEf",User
user017,user017@petwatch.local,uuOne[7!&9I7P!,User
user018,user018@petwatch.local,3x[NB^h+nsjO2C,User
user019,user019@petwatch.local,"kbe12j,$foFEOU",User
user020,user020@petwatch.local,m%fH}8Zfk]LuP*,User
user021,user021@petwatch.local,Pk)iJ7mP9?VOLn,User
user022,user022@petwatch.local,Lrq_|}1k4gaY[|,User
user023,user023@petwatch.local,1rl%b+w3JZ]&)z,User
user024,user024@petwatch.local,?bo?7Iq&:I>IW$,User
user025,user025@petwatch.local,VL5w6IemcSQ(ie,User
user026,user026@petwatch.local,|KWoxAH5]z2sy*,User
user027,user027@petwatch.local,Y$n1E#|s4<vN9w,User
user028,user028@petwatch.local,sEKR9+!?z7-au3,User
user029,user029@petwatch.local,$]G+c54m7kKBcm,User
user030,user030@petwatch.local,^nfj9Q2uf_itkp,User
user031,user031@petwatch.local,9aK>9sDFk[Y){j,User
user032,user032@petwatch.local,Y2JZD5YqmqGpY},User
user033,user033@petwatch.local,:CT>}6Amh*;510,User
user034,user034@petwatch.local,^_1-]YU#:1I>qh,User
user035,user035@petwatch.local,SB[99BF.p<+N;b,User
user036,user036@petwatch.local,UtS3v4vX;)S*:3,User
user037,user037@petwatch.local,n2Xz:)u52XPi}4,User
user038,user038@petwatch.local,+JGq?8+sSfR(#!,User
user039,user039@petwatch.local,qLG98L|:yvFT5h,User
user040,user040@petwatch.local,4%Gow0D#.e#lZS,User
user041,user041@petwatch.local,<fAH7&fIwvbu[S,User
user042,user042@petwatch.local,(5IgIm7HqKA$z%,User
user043,user043@petwatch.local,708ka*MsZ2fn-3,User
user044,user044@petwatch.local,!u[y7:AOA5*5mt,User
user045,user045@petwatch.local,hEZ)7LPAj%#35_,User
user046,user046@petwatch.local,Ck%p*o7C#?T?i-,User
user047,user047@petwatch.local,m[CeeBaaI5l3_4,User
user048,user048@petwatch.local,"5M,9N?|As51b4X",User
user049,user049@petwatch.local,Z+$qy|K?=:r55v,User
user050,user050@petwatch.local,R0a?>)q-BYNJ41,User
user051,user051@petwatch.local,c-*uAisOC4]}8U,User
user052,user052@petwatch.local,mrWuKd-v-!!96c,User
user053,user053@petwatch.local,F?ob>MC75izZef,User
user054,user054@petwatch.local,.Z5)n^^zd)8QnS,User
user055,user055@petwatch.local,un]c&#5thUz+H[,User
user056,user056@petwatch.local,"Lp?5jhS>8S),xV",User
user057,user057@petwatch.local,"yOZt,B^D3nm6<C",User
user058,user058@petwatch.local,]$Zh0r8*e_nSj5,User
user059,user059@petwatch.local,"XrQ-Bi98uh,}_X",User
user060,user060@petwatch.local,5{Aeef{<XTwv04,User
user061,user061@petwatch.local,Z:#v)3OR;PC0;Z,User
user062,user062@petwatch.local,"A8MQu:9swB#6y,",User
user063,user063@petwatch.local,bb}%EZ9qo)3[sZ,User
user064,user064@petwatch.local,X@}KSjMsxjAl%6,User
user065,user065@petwatch.local,JT0=w&*1G{0Mq5,User
user066,user066@petwatch.local,A2H+qdx<|^y;88,User
user067,user067@petwatch.local,S0qI@4KjcGPm.T,User
user068,user068@petwatch.local,?12JlTgTns7p8f,User
user069,user069@petwatch.local,sUj0P-l=rC7Q#<,User
user070,user070@petwatch.local,bgpWY.4DDN]d8*,User
user071,user071@petwatch.local,y=njl6vqNZDR6%,User
user072,user072@petwatch.local,2<qu6!P2;=Kxu_,User
user073,user073@petwatch.local,gr[BW$0wr$(3W_,User
user074,user074@petwatch.local,"C0G*j]0j}K,nmE",User
user075,user075@petwatch.local,"l6&UaD?,sQ0=8P",User
user076,user076@petwatch.local,"1<kYy1UD,q|%{n",User
user077,user077@petwatch.local,0:>6Bc{f_|!>qS,User
user078,user078@petwatch.local,{at2V4FmC5Ikjs,User
user079,user079@petwatch.local,Z<mhG;Y:|!=4vI,User
user080,user080@petwatch.local,xZ2eNy2B-0(9Cb,User
user081,user081@petwatch.local,^$)#[gff8IRx*T,User
user082,user082@petwatch.local,"^B-Ux7*S6xyG,$",User
user083,user083@petwatch.local,liDTj1u392_2y*,User
user084,user084@petwatch.local,b2vErOH<3h+3|N,User
user085,user085@petwatch.local,FGRGUc*R=%}9u&,User
user086,user086@petwatch.local,bH5^3;Ywpm2>:L,User
user087,user087@petwatch.local,t1s!}zrG!oY8%o,User
user088,user088@petwatch.local,YkhrjUE_qRaml2,User
user089,user089@petwatch.local,Fb4|LO+-F;x34Z,User
user090,user090@petwatch.local,b#r[e1lM:zzJ&u,User
user091,user091@petwatch.local,)O58SzbxgfGRip,User
user092,user092@petwatch.local,EoPK1Pay<*8<cv,User
user093,user093@petwatch.local,"Q.1ucW,|t5{*$m",User
user094,user094@petwatch.local,P@8Trxtu^65.qp,User
user095,user095@petwatch.local,:NU@7cugVYS>GI,User
user096,user096@petwatch.local,o%c<(YuA;p6UDa,User
user097,user097@petwatch.local,?$$YkY.:8mzw}h,User
user098,user098@petwatch.local,f67|(?Dl]O4Afm,User
user099,user099@petwatch.local,HR3*|}UTvKOJl+,User
user100,user100@petwatch.local,ip+uAmZ}2c*BTP,User
Lee,Lee@petwatch.local,F+]?6!56uZ7BTY,Owner
owner002,owner002@petwatch.local,b;G>(DH<6RzH%y,Owner
owner003,owner003@petwatch.local,x@n3V?$#4bhvT>,Owner
owner004,owner004@petwatch.local,U1Yz]&HJ8=s;cN,Owner
owner005,owner005@petwatch.local,"q<YkFw,T>h0S9m",Owner
owner006,owner006@petwatch.local,"!l7$C[>EES,l4d",Owner
owner007,owner007@petwatch.local,KRn67;XDF+{*[y,Owner
owner008,owner008@petwatch.local,eDePm*oB$f&;o2,Owner
owner009,owner009@petwatch.local,{TC7@.azi4va6Q,Owner
owner010,owner010@petwatch.local,mx%DCA$C4Ry3ac,Owner
owner011,owner011@petwatch.local,"Y5E%4$J?>,EXQg",Owner
owner012,owner012@petwatch.local,qu.K_.(uo>LE50,Owner
owner013,owner013@petwatch.local,y97-0LBh:84l46,Owner
owner014,owner014@petwatch.local,O}Z4%^OmoC=oJU,Owner
owner015,owner015@petwatch.local,4.59w[C:O=TH3#,Owner
owner016,owner016@petwatch.local,p82OHgrS^<{$[{,Owner
owner017,owner017@petwatch.local,SAA):%69CjSX5u,Owner
owner018,owner018@petwatch.local,"BSb0JuT2M#I,+:",Owner
owner019,owner019@petwatch.local,-zhn:nt8ucGbSq,Owner
owner020,owner020@petwatch.local,50AD@XdeLv;Z&.,Owner
owner021,owner021@petwatch.local,1!GOy{A(TrT1Tz,Owner
owner022,owner022@petwatch.local,@2tQK-]o}DXihs,Owner
owner023,owner023@petwatch.local,"A!,0w]Mf79;mby",Owner
owner024,owner024@petwatch.local,-vIJQ2GPwU;7Nb,Owner
owner025,owner025@petwatch.local,wVphW!JpN21F<+,Owner
owner026,owner026@petwatch.local,W&zL?kB-nh$s15,Owner
owner027,owner027@petwatch.local,}PcjIR;i_Z0QK3,Owner
owner028,owner028@petwatch.local,9zT_U)a>mg2e;V,Owner
owner029,owner029@petwatch.local,^*:@(9yH*eJ[Z;,Owner
owner030,owner030@petwatch.local,3Ir5cX<ln?QI}4,Owner
owner031,owner031@petwatch.local,R^=8tfyJ0]bCe#,Owner
owner032,owner032@petwatch.local,ooey886Fni>>s8,Owner
owner033,owner033@petwatch.local,HAV^L6DO}#8yq&,Owner
owner034,owner034@petwatch.local,5S&A]6+M0xr*d!,Owner
owner035,owner035@petwatch.local,"&,3xMCPDn(Er7|",Owner
owner036,owner036@petwatch.local,"9>p(Q#$LhpH,8l",Owner
owner037,owner037@petwatch.local,gKt^wSFF13.o!Z,Owner
owner038,owner038@petwatch.local,f^^jpt3:YM)wVw,Owner
owner039,owner039@petwatch.local,"@Wq#u<F8ACd,bb",Owner
owner040,owner040@petwatch.local,T_{YA1G>e#5V|s,Owner
owner041,owner041@petwatch.local,;s2idf6j{l=4=E,Owner
owner042,owner042@petwatch.local,"o<$D$^,2$3nLwY",Owner
owner043,owner043@petwatch.local,Yy%syue7ZDu)5u,Owner
owner044,owner044@petwatch.local,|0hK*B[GG2^vnM,Owner
owner045,owner045@petwatch.local,"dY.=y1,YOrIyM$",Owner
owner046,owner046@petwatch.local,>[(YEdF29#{c+r,Owner
owner047,owner047@petwatch.local,"i,pLOH.6|y7a![",Owner
owner048,owner048@petwatch.local,j4@Hjf|B1mUW>z,Owner
owner049,owner049@petwatch.local,93{KE$i;T{G<Hj,Owner
owner050,owner050@petwatch.local,+mZvqm5wj:gw|3,Owner
owner051,owner051@petwatch.local,i-0<Rgy+?-5R7S,Owner
owner052,owner052@petwatch.local,?BE0+^hBI;<i3a,Owner
owner053,owner053@petwatch.local,j0iFvwYo9#Fx?Y,Owner
owner054,owner054@petwatch.local,!*pdoh4O2ii@Oy,Owner
owner055,owner055@petwatch.local,lW?[eAR4E+%f%6,Owner
owner056,owner056@petwatch.local,0w?nHd6g+44uVd,Owner
owner057,owner057@petwatch.local,zxBOh7.Q!fWufW,Owner
owner058,owner058@petwatch.local,3ZmD!)C}lREsA_,Owner
owner059,owner059@petwatch.local,"8M4Lwkg,Fi%N>C",Owner
owner060,owner060@petwatch.local,1Sp:.4Yh_<0Wm^,Owner
owner061,owner061@petwatch.local,BmzNL6Hn-I2&q8,Owner
owner062,owner062@petwatch.local,3A?(y>nfXO<>ZQ,Owner
owner063,owner063@petwatch.local,)R2wFEV$YukaMy,Owner
owner064,owner064@petwatch.local,VA{l9AMAk9cN+f,Owner
owner065,owner065@petwatch.local,UlrgiI3NVN.{(v,Owner
owner066,owner066@petwatch.local,#gW0n1@Ow+4x+Y,Owner
owner067,owner067@petwatch.local,_Hp!3xDzL:F6Bj,Owner
owner068,owner068@petwatch.local,")vbhm,No5m}1(O",Owner
owner069,owner069@petwatch.local,WX3ADIv|eSmk]],Owner
owner070,owner070@petwatch.local,p>k1Vi#S)m=&[f,Owner
owner071,owner071@petwatch.local,]xF1I_&YO4)}6;,Owner
owner072,owner072@petwatch.local,4U-Y>^3)6Wxi3*,Owner
owner073,owner073@petwatch.local,Y%@YRSwmW2deAm,Owner
owner074,owner074@petwatch.local,?D>?xHw44$fRu.,Owner
owner075,owner075@petwatch.local,WZFqacuoQF1!S!,Owner
owner076,owner076@petwatch.local,vNFi-)E?3?5mFE,Owner
owner077,owner077@petwatch.local,QP2i16E6*}K1NN,Owner
owner078,owner078@petwatch.local,qt0Nz?N]O>BnkK,Owner
owner079,owner079@petwatch.local,l5)DI2}CPsUju1,Owner
owner080,owner080@petwatch.local,mI671sytp_(|t[,Owner
owner081,owner081@petwatch.local,33ZDff0S=|MdHX,Owner
owner082,owner082@petwatch.local,6>vYqTK1g3Uc)4,Owner
owner083,owner083@petwatch.local,x8Hl0bosr@_2{U,Owner
owner084,owner084@petwatch.local,a+:2X-%9$RI.]o,Owner
owner085,owner085@petwatch.local,]W>xorp{|Sy6YQ,Owner
owner086,owner086@petwatch.local,53!d}%uM5(fv#Y,Owner
owner087,owner087@petwatch.local,]1pkMuN}f<-guW,Owner
owner088,owner088@petwatch.local,]T2lssKnT+Mq60,Owner
owner089,owner089@petwatch.local,rV$:ccN%3PCb7&,Owner
owner090,owner090@petwatch.local,"B^o,U3g7O@!NBn",Owner
owner091,owner091@petwatch.local,j:a%Ke^[F36?1x,Owner
owner092,owner092@petwatch.local,">,mvBIq$^#qx0s",Owner
owner093,owner093@petwatch.local,3B8JM*@i;6vLji,Owner
owner094,owner094@petwatch.local,!2:6t-Ou<q9ezV,Owner
owner095,owner095@petwatch.local,qE+sE.6iL4hT!-,Owner
owner096,owner096@petwatch.local,"m8T]!tYM9z!@,+",Owner
owner097,owner097@petwatch.local,"5,5u>Y<;XjXnb-",Owner
owner098,owner098@petwatch.local,FWa%Y]3cnPR:BZ,Owner
owner099,owner099@petwatch.local,S:&ATzE|-uy8{d,Owner
owner100,owner100@petwatch.local,Y|oeowwWEO-P:5,Owner
